{
    "intents": [
        {
            "tag": "greeting",
            "patterns": [
                "Hi",
                "Hello",
                "Hey",
                "Good morning",
                "Good evening"
            ],
            "responses": [
                "Hello! How can I assist you with water conservation today?",
                "Hi there! What would you like to know about saving water?",
                "Hey! Let’s talk about water conservation."
            ],
            "context_set": ""
        },
        {
            "tag": "importance_of_water",
            "patterns": [
                "Why is water important?",
                "Why should we save water?",
                "Importance of water?",
                "Why conserve water?"
            ],
            "responses": [
                "Water is essential for all living beings. Conserving it ensures we have enough for future generations.",
                "Water is a precious resource. Saving it helps sustain life on Earth and prevents water scarcity.",
                "Without water, life cannot exist. Conservation is vital for both the environment and human needs."
            ]
        },
        {
            "tag": "ways_to_save_water",
            "patterns": [
                "How can we save water?",
                "Tips for saving water",
                "Ways to conserve water",
                "How to conserve water?"
            ],
            "responses": [
                "You can save water by fixing leaks, using water-efficient appliances, and collecting rainwater.",
                "Simple steps like turning off the tap while brushing your teeth or using a bucket instead of a hose can make a big difference.",
                "Water your plants early in the morning or late in the evening to reduce water loss through evaporation."
            ]
        },
        {
            "tag": "water_pollution",
            "patterns": [
                "What causes water pollution?",
                "How does water get polluted?",
                "Water pollution causes?",
                "What is water pollution?"
            ],
            "responses": [
                "Water pollution is caused by dumping waste, chemicals, and plastics into water bodies. Agricultural runoff and untreated sewage are major contributors.",
                "Contaminants like industrial waste, oil spills, and pesticides lead to water pollution, affecting aquatic life and human health.",
                "Polluted water can harm ecosystems and make water unsafe for drinking and other uses."
            ]
        },
        {
            "tag": "rainwater_harvesting",
            "patterns": [
                "water harvesting",
                "What is rainwater harvesting?",
                "How does rainwater harvesting work?",
                "Benefits of rainwater harvesting?",
                "Why harvest rainwater?"
            ],
            "responses": [
                "Rainwater harvesting involves collecting and storing rainwater for reuse, reducing the need for groundwater.",
                "It's a sustainable practice that helps in replenishing groundwater levels and provides an alternative water source.",
                "Rainwater harvesting is easy to implement and can significantly reduce water bills and dependence on municipal supply."
            ]
        },
        {
            "tag": "goodbye",
            "patterns": [
                "Goodbye",
                "Bye",
                "See you later",
                "Take care"
            ],
            "responses": [
                "Goodbye! Remember, every drop counts!",
                "Bye! Keep conserving water!",
                "Take care and save water for a better tomorrow."
            ]
        },
        {
            "tag": "thanks",
            "patterns": [
                "Thank you",
                "Thanks",
                "That's helpful",
                "I appreciate it"
            ],
            "responses": [
                "You're welcome! Happy to help with water conservation.",
                "No problem! Let's work together to save water.",
                "Glad I could help! Keep up the good work."
            ],
            "context_set": ""
        },
        {
            "tag": "reuse_water",
            "patterns": [
                "How to reuse water?",
                "Ways to reuse water at home",
                "Can we recycle water?",
                "What are the uses of greywater?"
            ],
            "responses": [
                "Reuse water by recycling greywater for flushing, gardening, or cleaning outdoor areas. It reduces water wastage and demand on freshwater sources.",
                "Simple practices like using leftover water from washing vegetables to water plants can help reuse water efficiently."
            ]
        },
        {
            "tag": "groundwater_depletion",
            "patterns": [
                "What is groundwater depletion?",
                "Causes of groundwater depletion",
                "Why is groundwater depleting?",
                "Explain groundwater overuse"
            ],
            "responses": [
                "Groundwater depletion occurs when water is extracted from underground aquifers faster than it can be replenished, often due to excessive irrigation and overuse.",
                "Reducing groundwater usage and promoting sustainable water management can help tackle this issue."
            ]
        },
        {
            "tag": "afforestation",
            "patterns": [
                "How does planting trees save water?",
                "Role of trees in water conservation",
                "What is afforestation?",
                "Benefits of afforestation"
            ],
            "responses": [
                "Planting trees helps conserve water by reducing soil erosion, increasing groundwater recharge, and maintaining the water cycle.",
                "Afforestation improves the environment and ensures better water availability by preventing runoff and enhancing soil moisture."
            ]
        },
        {
            "tag": "desalination",
            "patterns": [
                "What is desalination?",
                "Can we make seawater drinkable?",
                "How does desalination work?",
                "Explain seawater desalination"
            ],
            "responses": [
                "Desalination is the process of removing salts and impurities from seawater to make it drinkable. It is done using techniques like reverse osmosis.",
                "Desalination provides an alternative water source but can be energy-intensive and costly."
            ]
        },
        {
            "tag": "climate_change_and_water",
            "patterns": [
                "How does climate change affect water?",
                "Impact of climate change on water",
                "Does global warming affect water resources?",
                "Why does climate change cause water shortages?"
            ],
            "responses": [
                "Climate change affects water resources by altering rainfall patterns, causing droughts, and reducing freshwater availability.",
                "Rising temperatures can increase evaporation, leading to water scarcity and impacting ecosystems and agriculture."
            ]
        },
        {
            "tag": "simple_facts",
            "patterns": [
                "water",
                "Give me a water fact",
                "Tell me something about water",
                "Any facts about water conservation?",
                "Fun water fact"
            ],
            "responses": [
                "Did you know? Only 1% of Earth's water is accessible freshwater for human use!",
                "A single dripping faucet can waste over 3,000 gallons of water a year."
            ]
        },
        {
            "tag": "role_of_individuals",
            "patterns": [
                "How can individuals help save water?",
                "What is my role in water conservation?",
                "What can I do to conserve water?",
                "How can I contribute to saving water?"
            ],
            "responses": [
                "Every small action counts! You can conserve water by using it mindfully, spreading awareness, and adopting water-saving habits in your daily life.",
                "Simple acts like reporting leaks, reducing water usage, and educating others can make a huge difference in saving water."
            ]
        },
        {
            "tag": "water_conservation_in_agriculture",
            "patterns": [
                "How can farmers save water?",
                "Ways to conserve water in farming",
                "Water-saving techniques in agriculture",
                "How to use water efficiently in farming?"
            ],
            "responses": [
                "Farmers can save water by adopting techniques like drip irrigation, rainwater harvesting, and using drought-resistant crops.",
                "Efficient water management in agriculture can be achieved through soil moisture sensors and mulching to reduce evaporation."
            ]
        },
        {
            "tag": "water_conservation_in_industry",
            "patterns": [
                "How do industries save water?",
                "Water conservation in factories",
                "Can industries recycle water?",
                "How to reduce water use in industries?"
            ],
            "responses": [
                "Industries can save water by reusing process water, treating wastewater, and adopting water-efficient machinery.",
                "Innovations like closed-loop systems and zero-liquid discharge methods significantly reduce industrial water wastage."
            ]
        },
        {
            "tag": "drought_management",
            "patterns": [
                "What to do during a drought?",
                "How to manage water in droughts?",
                "Tips for drought-prone areas",
                "Can we prepare for droughts?"
            ],
            "responses": [
                "During a drought, prioritize essential water use, store rainwater, and avoid activities like washing cars or watering lawns.",
                "Governments and communities can prepare for droughts by building water reservoirs and implementing water rationing systems."
            ]
        },
        {
            "tag": "saving_water_in_daily_life",
            "patterns": [
                "saving water",
                "How to save water at home?",
                "Water-saving tips for daily life",
                "Simple ways to conserve water",
                "How can I use less water every day?"
            ],
            "responses": [
                "Install low-flow showerheads, reuse cooking water for plants, and wash clothes only with full loads to save water daily.",
                "Even turning off the tap while brushing your teeth can save up to 10 liters of water a day!"
            ]
        },
        {
            "tag": "government_policies",
            "patterns": [
                "What are government policies for water conservation?",
                "Does the government support water conservation?",
                "Are there laws to save water?",
                "Water conservation rules and regulations"
            ],
            "responses": [
                "Governments implement policies like water pricing, rainwater harvesting mandates, and subsidies for water-efficient appliances.",
                "Many countries also run awareness campaigns and invest in infrastructure for better water management."
            ]
        },
        {
            "tag": "water_conservation_for_kids",
            "patterns": [
                "How can kids save water?",
                "Water conservation tips for children",
                "Ways to teach kids about saving water",
                "Can children help save water?"
            ],
            "responses": [
                "Kids can help by turning off taps, reporting leaks to adults, and reusing water for activities like watering plants.",
                "Teach children fun ways to save water through games and challenges, like who can use the least water while brushing their teeth!"
            ]
        },
        {
            "tag": "global_water_scarcity",
            "patterns": [
                "Why is there water scarcity?",
                "Where is water scarcity happening?",
                "What causes global water shortage?",
                "Explain global water scarcity"
            ],
            "responses": [
                "Water scarcity happens when the demand for water exceeds its availability, often due to overuse, pollution, and climate change.",
                "It affects billions worldwide, highlighting the urgent need for better water management and conservation."
            ]
        },
        {
            "tag": "smart_technology",
            "patterns": [
                "Can technology help save water?",
                "How does smart technology save water?",
                "Examples of water-saving technologies",
                "Innovations in water conservation"
            ],
            "responses": [
                "Yes, technologies like smart irrigation systems, water sensors, and wastewater recycling plants are revolutionizing water conservation.",
                "Apps and IoT devices also help monitor and manage water usage efficiently."
            ]
        },
        {
            "tag": "reuse_and_recycling",
            "patterns": [
                "Can water be recycled?",
                "What is water recycling?",
                "How does water reuse work?",
                "Explain wastewater recycling"
            ],
            "responses": [
                "Water recycling involves treating wastewater for reuse in non-drinking purposes like irrigation, industrial cooling, and flushing.",
                "It's a great way to conserve water and reduce dependency on freshwater sources."
            ]
        },
        {
            "tag": "water_conservation_in_cities",
            "patterns": [
                "How do cities save water?",
                "Water conservation in urban areas",
                "What are urban water-saving measures?",
                "Can cities recycle water?"
            ],
            "responses": [
                "Cities can save water by fixing leaks in pipelines, implementing rainwater harvesting, and treating wastewater for reuse.",
                "Urban water conservation also includes creating awareness campaigns and promoting water-efficient lifestyles."
            ]
        },
        {
            "tag": "future_of_water",
            "patterns": [
                "What is the future of water resources?",
                "Can we solve the water crisis?",
                "Future of water conservation",
                "Will there be enough water in the future?"
            ],
            "responses": [
                "The future of water depends on our actions today. Sustainable practices, technology, and global cooperation are key to solving the water crisis.",
                "If we act responsibly, future generations can enjoy a secure water supply."
            ]
        }
    ]
}